"","Name","Expiry Date","Email"
"Murdock, Matt",2012/03/25,matt.murdock@gmail.com
"Stark, Tony",2014/09/13,tony.stark@gmail.com
"Lang, Scott",2016/09/11,scott.lang@gmail.com
"Rogers, Steve",2018/05/06,steve.rogers@gmail.com
"Romanoff, Natasha",2019/10/09,natasha.romanoff@gmail.com
"Richards, Reed",2019/10/23,richards.reed@gmail.com
"Banner, Bruce",2020/07/25,bruce.banner@gmail.com
"Wayne, Bruce",2021/07/20/2021,bruce.wayne@gmail.com
"Strange, Stephen",2021/07/04,stephen.strange@gmail.com
"Maximoff, Wanda",2021/07/14,wanda.maximoff@gmail.com
"Parker, Peter",2022/01/10,peter.parker@gmail.com
"Kent, Clark",2022/06/01,clark.kent@gmail.com
"Allen, Barry",2022/06/17,barry.allen@gmail.com
"Barton, Clint",2023/05/09,clint.barton@gmail.com
"Quill, Peter",2023/12/06,peter.quill@gmail.com